# StringSoft.com Redirects - Generated automatically
RewriteEngine On

RewriteRule ^the-benefits-of-applying-stable-workflows-and-processes-to-your-veterinary-practice/?$ /blog/the-benefits-of-applying-stable-workflows-and-processes-to-your-veterinary-practice [R=301,L]
RewriteRule ^the-top-challenges-of-managing-a-multi-hospital-veterinary-practice/?$ /blog/the-top-challenges-of-managing-a-multi-hospital-veterinary-practice [R=301,L]
RewriteRule ^unlocking-the-benefits-of-completely-custom-veterinary-practice-management-software/?$ /blog/unlocking-the-benefits-of-completely-custom-veterinary-practice-management-software [R=301,L]
RewriteRule ^5-ways-your-veterinary-practice-management-software-can-improve-efficiency/?$ /blog/5-ways-your-veterinary-practice-management-software-can-improve-efficiency [R=301,L]
RewriteRule ^4-ways-to-improve-work-relations-in-your-veterinary-practice/?$ /blog/4-ways-to-improve-work-relations-in-your-veterinary-practice [R=301,L]
RewriteRule ^5-tips-for-building-lasting-relationships-with-your-veterinary-clients/?$ /blog/5-tips-for-building-lasting-relationships-with-your-veterinary-clients [R=301,L]
RewriteRule ^7-benefits-of-a-hybrid-cloud-for-veterinarians/?$ /blog/7-benefits-of-a-hybrid-cloud-for-veterinarians [R=301,L]
RewriteRule ^digital-imaging-and-communications-in-medicine/?$ /blog/digital-imaging-and-communications-in-medicine [R=301,L]
RewriteRule ^benefits-of-veterinary-practice-management-software-referral-and-client-portals/?$ /blog/benefits-of-veterinary-practice-management-software-referral-and-client-portals [R=301,L]
RewriteRule ^8-ways-veterinary-practice-management-software-benefits-your-specialty-workflows/?$ /blog/8-ways-veterinary-practice-management-software-benefits-your-specialty-workflows [R=301,L]
RewriteRule ^is-your-veterinary-practices-data-stored-safely/?$ /blog/is-your-veterinary-practices-data-stored-safely [R=301,L]
RewriteRule ^the-top-challenges-of-opening-a-new-veterinary-practice/?$ /blog/the-top-challenges-of-opening-a-new-veterinary-practice [R=301,L]
RewriteRule ^top-5-ways-to-make-a-veterinary-practice-more-efficient/?$ /blog/top-5-ways-to-make-a-veterinary-practice-more-efficient [R=301,L]
RewriteRule ^top-5-simple-workflows-and-processes-to-apply-to-your-veterinary-practice/?$ /blog/top-5-simple-workflows-and-processes-to-apply-to-your-veterinary-practice [R=301,L]
RewriteRule ^coming-soon/?$ /blog/coming-soon [R=301,L]
RewriteRule ^the-rise-of-subscription-based-wellness-plans-a-win-win-for-veterinary-practices-and-pet-owners/?$ /blog/the-rise-of-subscription-based-wellness-plans-a-win-win-for-veterinary-practices-and-pet-owners [R=301,L]
RewriteRule ^why-telemedicine-is-changing-veterinary-care/?$ /blog/why-telemedicine-is-changing-veterinary-care [R=301,L]
RewriteRule ^digital-first-client-engagement-meeting-the-expectations-of-todays-pet-owners/?$ /blog/digital-first-client-engagement-meeting-the-expectations-of-todays-pet-owners [R=301,L]
RewriteRule ^products-pricing/?$ /pricing [R=301,L]
RewriteRule ^free-demo/?$ /request-demo [R=301,L]
RewriteRule ^news-events/?$ /blog [R=301,L]
RewriteRule ^privacy-policy-2/?$ /privacy-policy [R=301,L]
